{
  "HR@10": 0.4815,
  "NDCG@10": 0.3059921392564056,
  "AUC_ROC": 0.733270202020202,
  "Precision": 0.049677314387981994,
  "Recall": 0.458,
  "F1": 0.08963256519399188,
  "confusion_matrix": [
    [
      180477,
      17523
    ],
    [
      1084,
      916
    ]
  ]
}