{
  "HR@10": 0.5285,
  "NDCG@10": 0.3475621136172342,
  "n_hits_at_k": 1057,
  "n_eval_users": 2000,
  "AUC_ROC": 0.7745619861111112,
  "Precision": 0.06264041231663803,
  "Recall": 0.474,
  "F1": 0.11065717287265087,
  "confusion_matrix": [
    [
      183814,
      14186
    ],
    [
      1052,
      948
    ]
  ]
}